{
  "depth": 10,
  "learning_rate": 0.033241909802417834,
  "l2_leaf_reg": 5.644372662714019,
  "bagging_temperature": 0.5266603249395978,
  "random_strength": 1.4688148488399342,
  "border_count": 52
}