{
  "uid_fraud_rate": 11.901541222796109,
  "card_email_pair_fraud_rate": 9.435268620054973,
  "card1_txn_count": 6.035469620796435,
  "TransactionDT": 3.325454020132909,
  "C1": 3.242356348997195,
  "C13": 2.87051516907124,
  "M6": 2.8655058693366025,
  "M5": 2.700892678923867,
  "card2": 2.5285961577757936,
  "D15": 2.524499047623949,
  "card1": 2.45533472675581,
  "days_since_start": 2.4472546509012476,
  "addr1": 2.2198123408984287,
  "D1": 2.1892600360300243,
  "amt_to_card1_mean_ratio": 2.124421887055078,
  "amt_cents": 2.021415918584752,
  "hour": 1.8953005824624296,
  "amt_to_card1_std_ratio": 1.8728789124392977,
  "card1_std_amt": 1.5953072496707974,
  "card1_mean_amt": 1.5694549212950477,
  "C2": 1.5177019678503967,
  "email_txn_count": 1.4603309560163331,
  "M4": 1.4296385342743931,
  "D10": 1.3473939610109404,
  "D2": 1.315496083079926,
  "dist1": 1.283740549293758,
  "amt_log": 1.2650929953413677,
  "TransactionAmt": 1.231833559260926,
  "day_of_week": 1.181812072185237,
  "P_emaildomain": 1.1381140431859837,
  "C11": 1.0885047410692985,
  "M3": 1.002622929569679,
  "C6": 0.9940698612685468,
  "C9": 0.9179269382683206,
  "D4": 0.8894259340465651,
  "email_fraud_rate": 0.8751820399232193,
  "card5": 0.8236591199836879,
  "V312": 0.7591997602304891,
  "C14": 0.7291637410789727,
  "D3": 0.7162538109155224
}