{
  "uid_fraud_rate": 29.394975326686147,
  "card_email_pair_fraud_rate": 25.84463255750195,
  "C1": 1.8336937564790983,
  "M6": 1.7891429038232365,
  "M5": 1.7485974081700235,
  "C11": 1.2844416186758676,
  "card1_txn_count": 1.246658229138254,
  "C14": 1.2256207834943385,
  "C13": 1.2247686286623167,
  "TransactionAmt": 1.1561394941077205,
  "D2": 1.0096959002013564,
  "V307": 0.9908850717162038,
  "V282": 0.9869132176390494,
  "days_since_start": 0.8878881485227704,
  "TransactionDT": 0.8369668084842432,
  "D1": 0.8336215928187589,
  "amt_log": 0.7320977713310335,
  "C6": 0.7247294739987159,
  "amt_cents_type": 0.6895035158811622,
  "V283": 0.6792308529055471,
  "amt_bucket": 0.6360311514419051,
  "card1_mean_amt": 0.6196192780357876,
  "D15": 0.6128154380613074,
  "amt_to_card1_mean_ratio": 0.6121608893741486,
  "D4": 0.5562560781294118,
  "amt_to_card1_std_ratio": 0.550978425563502,
  "M4": 0.5493067194494433,
  "TransactionID": 0.5398306223054681,
  "V29": 0.5123661397183222,
  "card1": 0.49496217335638065,
  "card6": 0.4772615971302192,
  "P_emaildomain": 0.4221502464723707,
  "V91": 0.4025647024616657,
  "C2": 0.3802479763865434,
  "email_txn_count": 0.34521939927325707,
  "C5": 0.3393452115904598,
  "R_emaildomain": 0.3391491465660429,
  "amt_cents": 0.3388884061506401,
  "V62": 0.3219521658338779,
  "D10": 0.29232104568470685
}