{
  "auc_roc": 0.85786,
  "auprc": 0.47058,
  "f1": 0.30525,
  "precision": 0.20016,
  "recall": 0.64267,
  "confusion_matrix": {
    "TP": 1955,
    "FP": 7812,
    "TN": 77727,
    "FN": 1087
  },
  "threshold": 0.5,
  "val_rows": 88581,
  "fraud_rate_val": 0.03434
}